Date,Time,Lat,Long,Alt,DIN2,SSID,WIFI,INT,Registration
02/07/2025,13:00:18,,,,,SKT-4014,1,1,GXNL
02/07/2025,13:00:27,,,,,SKT-4014,1,1,GXNL
02/07/2025,13:00:36,,,,,SKT-4014,1,1,GXNL
02/07/2025,13:00:45,,,,,SKT-4014,1,1,GXNL
02/07/2025,13:00:55,,,,,SKT-4014,1,1,GXNL
02/07/2025,13:01:04,,,,,SKT-4014,1,1,GXNL
02/07/2025,13:01:13,,,,,SKT-4014,1,1,GXNL
02/07/2025,13:01:22,,,,,SKT-4014,1,1,GXNL
02/07/2025,13:01:31,,,,,SKT-4014,1,1,GXNL
02/07/2025,13:01:40,,,,,SKT-4014,1,1,GXNL
02/07/2025,13:01:49,,,,,SKT-4014,1,1,GXNL
02/07/2025,13:01:59,,,,,SKT-4014,1,1,GXNL
02/07/2025,13:02:08,,,,,SKT-4014,1,1,GXNL
02/07/2025,13:02:17,,,,,SKT-4014,1,1,GXNL
02/07/2025,13:02:26,,,,,SKT-4014,1,1,GXNL
02/07/2025,13:02:35,,,,,SKT-4014,1,1,GXNL
02/07/2025,13:02:44,,,,,SKT-4014,1,1,GXNL
02/07/2025,13:02:53,,,,,SKT-4014,1,1,GXNL
02/07/2025,13:03:03,,,,,SKT-4014,1,1,GXNL
02/07/2025,13:03:12,,,,,SKT-4014,1,1,GXNL
02/07/2025,13:03:21,,,,,SKT-4014,1,1,GXNL
02/07/2025,13:03:30,,,,,SKT-4014,1,1,GXNL
02/07/2025,13:03:39,,,,,SKT-4014,1,1,GXNL
02/07/2025,13:03:48,,,,,SKT-4014,1,1,GXNL
02/07/2025,13:03:57,,,,,SKT-4014,1,1,GXNL
02/07/2025,13:04:06,,,,,SKT-4014,1,1,GXNL
02/07/2025,13:04:16,,,,,SKT-4014,1,1,GXNL
02/07/2025,13:04:25,,,,,SKT-4014,1,1,GXNL
02/07/2025,13:04:34,,,,,SKT-4014,1,1,GXNL
02/07/2025,13:04:43,,,,,SKT-4014,1,1,GXNL
02/07/2025,13:04:52,,,,,SKT-4014,1,1,GXNL
02/07/2025,13:05:01,,,,,SKT-4014,1,1,GXNL
02/07/2025,13:05:10,,,,,SKT-4014,1,1,GXNL
02/07/2025,13:05:20,,,,,SKT-4014,1,1,GXNL
02/07/2025,13:05:29,,,,,SKT-4014,1,1,GXNL
02/07/2025,13:05:38,,,,,SKT-4014,1,1,GXNL
02/07/2025,13:05:47,,,,,SKT-4014,1,1,GXNL
02/07/2025,13:05:56,,,,,SKT-4014,1,1,GXNL
02/07/2025,13:06:05,,,,,SKT-4014,1,1,GXNL
02/07/2025,13:06:14,,,,,SKT-4014,1,1,GXNL
02/07/2025,13:06:24,,,,,SKT-4014,1,1,GXNL
02/07/2025,13:06:33,,,,,SKT-4014,1,1,GXNL
02/07/2025,13:06:42,,,,,SKT-4014,1,1,GXNL
02/07/2025,13:06:51,,,,,SKT-4014,1,1,GXNL
02/07/2025,13:07:00,,,,,SKT-4014,1,1,GXNL
02/07/2025,13:07:09,,,,,SKT-4014,1,1,GXNL
02/07/2025,13:07:18,,,,,SKT-4014,1,1,GXNL
02/07/2025,13:07:28,,,,,SKT-4014,1,1,GXNL
02/07/2025,13:07:37,,,,,SKT-4014,1,1,GXNL
02/07/2025,13:07:46,,,,,SKT-4014,1,1,GXNL
02/07/2025,13:07:55,,,,,SKT-4014,1,1,GXNL
02/07/2025,13:08:04,,,,,SKT-4014,1,1,GXNL
02/07/2025,13:08:13,,,,,SKT-4014,1,1,GXNL
02/07/2025,13:08:22,,,,,SKT-4014,1,1,GXNL
02/07/2025,13:08:32,,,,,SKT-4014,1,1,GXNL
02/07/2025,13:08:41,,,,,SKT-4014,1,1,GXNL
02/07/2025,13:08:50,,,,,SKT-4014,1,1,GXNL
02/07/2025,13:08:59,,,,,SKT-4014,1,1,GXNL
02/07/2025,13:09:08,,,,,SKT-4014,1,1,GXNL
02/07/2025,13:09:17,,,,,SKT-4014,1,1,GXNL
02/07/2025,13:09:26,,,,,SKT-4014,1,1,GXNL
02/07/2025,13:09:35,,,,,SKT-4014,1,1,GXNL
02/07/2025,13:09:45,,,,,SKT-4014,1,1,GXNL
02/07/2025,13:09:54,,,,,SKT-4014,1,1,GXNL
02/07/2025,13:10:03,,,,,SKT-4014,1,1,GXNL
02/07/2025,13:10:12,,,,,SKT-4014,1,1,GXNL
02/07/2025,13:10:21,,,,,SKT-4014,1,1,GXNL
02/07/2025,13:10:30,,,,,SKT-4014,1,1,GXNL
02/07/2025,13:10:39,,,,,SKT-4014,1,1,GXNL
02/07/2025,13:10:49,,,,,SKT-4014,1,1,GXNL
02/07/2025,13:10:58,,,,,SKT-4014,1,1,GXNL
02/07/2025,13:11:07,,,,,SKT-4014,1,1,GXNL
02/07/2025,13:11:16,,,,,SKT-4014,1,1,GXNL
02/07/2025,13:11:25,,,,,SKT-4014,1,1,GXNL
02/07/2025,13:11:34,,,,,SKT-4014,1,1,GXNL
02/07/2025,13:11:43,,,,,SKT-4014,1,1,GXNL
02/07/2025,13:11:53,,,,,SKT-4014,1,1,GXNL
02/07/2025,13:12:02,,,,,SKT-4014,1,1,GXNL
02/07/2025,13:12:11,,,,,SKT-4014,1,1,GXNL
02/07/2025,13:12:20,,,,,SKT-4014,1,1,GXNL
02/07/2025,13:12:29,,,,,SKT-4014,1,1,GXNL
02/07/2025,13:12:38,,,,,SKT-4014,1,1,GXNL
02/07/2025,13:12:47,,,,,SKT-4014,1,1,GXNL
02/07/2025,13:12:56,,,,,SKT-4014,1,1,GXNL
02/07/2025,13:13:06,,,,,SKT-4014,1,1,GXNL
02/07/2025,13:13:15,,,,,SKT-4014,1,1,GXNL
02/07/2025,13:13:24,,,,,SKT-4014,1,1,GXNL
02/07/2025,13:13:33,,,,,SKT-4014,1,1,GXNL
02/07/2025,13:13:42,,,,,SKT-4014,1,1,GXNL
02/07/2025,13:13:51,,,,,SKT-4014,1,1,GXNL
02/07/2025,13:14:00,,,,,SKT-4014,1,1,GXNL
02/07/2025,13:14:10,,,,,SKT-4014,1,1,GXNL
02/07/2025,13:14:19,,,,,SKT-4014,1,1,GXNL
02/07/2025,13:14:28,,,,,SKT-4014,1,1,GXNL
02/07/2025,13:14:37,,,,,SKT-4014,1,1,GXNL
02/07/2025,13:14:46,,,,,SKT-4014,1,1,GXNL
02/07/2025,13:14:55,,,,,SKT-4014,1,1,GXNL
02/07/2025,13:15:04,,,,,SKT-4014,1,1,GXNL
02/07/2025,13:15:13,,,,,SKT-4014,1,1,GXNL
02/07/2025,13:15:23,,,,,SKT-4014,1,1,GXNL
02/07/2025,13:15:32,,,,,SKT-4014,1,1,GXNL
02/07/2025,13:15:41,,,,,SKT-4014,1,1,GXNL
02/07/2025,13:15:50,,,,,SKT-4014,1,1,GXNL
02/07/2025,13:15:59,,,,,SKT-4014,1,1,GXNL
02/07/2025,13:16:08,,,,,SKT-4014,1,1,GXNL
02/07/2025,13:16:17,,,,,SKT-4014,1,1,GXNL
02/07/2025,13:16:27,,,,,SKT-4014,1,1,GXNL
02/07/2025,13:16:36,,,,,SKT-4014,1,1,GXNL
02/07/2025,13:16:45,,,,,SKT-4014,1,1,GXNL
02/07/2025,13:16:54,,,,,SKT-4014,1,1,GXNL
02/07/2025,13:17:03,,,,,SKT-4014,1,1,GXNL
02/07/2025,13:17:12,,,,,SKT-4014,1,1,GXNL
02/07/2025,13:17:21,,,,,SKT-4014,1,1,GXNL
02/07/2025,13:17:31,,,,,SKT-4014,1,1,GXNL
02/07/2025,13:17:40,,,,,SKT-4014,1,1,GXNL
02/07/2025,13:17:49,,,,,SKT-4014,1,1,GXNL
02/07/2025,13:17:58,,,,,SKT-4014,1,1,GXNL
02/07/2025,13:18:07,,,,,SKT-4014,1,1,GXNL
02/07/2025,13:18:16,,,,,SKT-4014,1,1,GXNL
02/07/2025,13:18:26,,,,,SKT-4014,1,1,GXNL
02/07/2025,13:18:35,,,,,SKT-4014,1,1,GXNL
02/07/2025,13:18:45,,,,,SKT-4014,1,1,GXNL
02/07/2025,13:18:54,,,,,SKT-4014,1,1,GXNL
02/07/2025,13:19:03,,,,,SKT-4014,1,1,GXNL
02/07/2025,13:19:12,,,,,SKT-4014,1,1,GXNL
02/07/2025,13:19:21,,,,,SKT-4014,1,1,GXNL
02/07/2025,13:19:30,,,,,SKT-4014,1,1,GXNL
02/07/2025,13:19:39,,,,,SKT-4014,1,1,GXNL
02/07/2025,13:19:49,,,,,SKT-4014,1,1,GXNL
02/07/2025,13:19:58,,,,,SKT-4014,1,1,GXNL
02/07/2025,13:20:07,,,,,SKT-4014,1,1,GXNL
02/07/2025,13:20:16,,,,,SKT-4014,1,1,GXNL
02/07/2025,13:20:25,,,,,SKT-4014,1,1,GXNL
02/07/2025,13:20:34,,,,,SKT-4014,1,1,GXNL
02/07/2025,13:20:43,,,,,SKT-4014,1,1,GXNL
02/07/2025,13:20:53,,,,,SKT-4014,1,1,GXNL
02/07/2025,13:21:02,,,,,SKT-4014,1,1,GXNL
02/07/2025,13:21:11,,,,,SKT-4014,1,1,GXNL
02/07/2025,13:21:20,,,,,SKT-4014,1,1,GXNL
02/07/2025,13:21:29,,,,,SKT-4014,1,1,GXNL
02/07/2025,13:21:38,,,,,SKT-4014,1,1,GXNL
02/07/2025,13:21:47,,,,,SKT-4014,1,1,GXNL
02/07/2025,13:21:57,,,,,SKT-4014,1,1,GXNL
02/07/2025,13:22:06,,,,,SKT-4014,1,1,GXNL
02/07/2025,13:22:15,,,,,SKT-4014,1,1,GXNL
02/07/2025,13:22:24,,,,,SKT-4014,1,1,GXNL
02/07/2025,13:22:33,,,,,SKT-4014,1,1,GXNL
02/07/2025,13:22:42,,,,,SKT-4014,1,1,GXNL
02/07/2025,13:22:51,,,,,SKT-4014,1,1,GXNL
02/07/2025,13:23:01,,,,,SKT-4014,1,1,GXNL
02/07/2025,13:23:10,,,,,SKT-4014,1,1,GXNL
02/07/2025,13:23:19,,,,,SKT-4014,1,1,GXNL
02/07/2025,13:23:28,,,,,SKT-4014,1,1,GXNL
02/07/2025,13:23:37,,,,,SKT-4014,1,1,GXNL
02/07/2025,13:23:46,,,,,SKT-4014,1,1,GXNL
02/07/2025,13:23:56,,,,,SKT-4014,1,1,GXNL
02/07/2025,13:24:05,,,,,SKT-4014,1,1,GXNL
02/07/2025,13:24:14,,,,,SKT-4014,1,1,GXNL
02/07/2025,13:24:23,,,,,SKT-4014,1,1,GXNL
02/07/2025,13:24:32,,,,,SKT-4014,1,1,GXNL
02/07/2025,13:24:41,,,,,SKT-4014,1,1,GXNL
02/07/2025,13:24:51,,,,,SKT-4014,1,1,GXNL
02/07/2025,13:25:00,,,,,SKT-4014,1,1,GXNL
02/07/2025,13:25:09,,,,,SKT-4014,1,1,GXNL
02/07/2025,13:25:18,,,,,SKT-4014,1,1,GXNL
02/07/2025,13:25:27,,,,,SKT-4014,1,1,GXNL
02/07/2025,13:25:36,,,,,SKT-4014,1,1,GXNL
02/07/2025,13:25:45,,,,,SKT-4014,1,1,GXNL
02/07/2025,13:25:55,,,,,SKT-4014,1,1,GXNL
02/07/2025,13:26:04,,,,,SKT-4014,1,1,GXNL
02/07/2025,13:26:13,,,,,SKT-4014,1,1,GXNL
02/07/2025,13:26:22,,,,,SKT-4014,1,1,GXNL
02/07/2025,13:26:31,,,,,SKT-4014,1,1,GXNL
02/07/2025,13:26:40,,,,,SKT-4014,1,1,GXNL
02/07/2025,13:26:50,,,,,SKT-4014,1,1,GXNL
02/07/2025,13:26:59,,,,,SKT-4014,1,1,GXNL
02/07/2025,13:27:08,,,,,SKT-4014,1,1,GXNL
02/07/2025,13:27:17,,,,,SKT-4014,1,1,GXNL
02/07/2025,13:27:26,,,,,SKT-4014,1,1,GXNL
02/07/2025,13:27:35,,,,,SKT-4014,1,1,GXNL
02/07/2025,13:27:44,,,,,SKT-4014,1,1,GXNL
02/07/2025,13:27:54,,,,,SKT-4014,1,1,GXNL
02/07/2025,13:28:03,,,,,SKT-4014,1,1,GXNL
02/07/2025,13:28:12,,,,,SKT-4014,1,1,GXNL
02/07/2025,13:28:21,,,,,SKT-4014,1,1,GXNL
02/07/2025,13:28:30,,,,,SKT-4014,1,1,GXNL
02/07/2025,13:28:39,,,,,SKT-4014,1,1,GXNL
02/07/2025,13:28:48,,,,,SKT-4014,1,1,GXNL
02/07/2025,13:28:58,,,,,SKT-4014,1,1,GXNL
02/07/2025,13:29:07,,,,,SKT-4014,1,1,GXNL
02/07/2025,13:29:16,,,,,SKT-4014,1,1,GXNL
02/07/2025,13:29:25,,,,,SKT-4014,1,1,GXNL
02/07/2025,13:29:34,,,,,SKT-4014,1,1,GXNL
02/07/2025,13:29:43,,,,,SKT-4014,1,1,GXNL
02/07/2025,13:29:52,,,,,SKT-4014,1,1,GXNL
02/07/2025,13:30:01,,,,,SKT-4014,1,1,GXNL
02/07/2025,13:30:11,,,,,SKT-4014,1,1,GXNL
02/07/2025,13:30:20,,,,,SKT-4014,1,1,GXNL
02/07/2025,13:30:29,,,,,SKT-4014,1,1,GXNL
02/07/2025,13:30:38,,,,,SKT-4014,1,1,GXNL
02/07/2025,13:30:47,,,,,SKT-4014,1,1,GXNL
02/07/2025,13:30:56,,,,,SKT-4014,1,1,GXNL
02/07/2025,13:31:05,,,,,SKT-4014,1,1,GXNL
02/07/2025,13:31:15,,,,,SKT-4014,1,1,GXNL
02/07/2025,13:31:24,,,,,SKT-4014,1,1,GXNL
02/07/2025,13:31:33,,,,,SKT-4014,1,1,GXNL
02/07/2025,13:31:42,,,,,SKT-4014,1,1,GXNL
02/07/2025,13:31:51,,,,,SKT-4014,1,1,GXNL
02/07/2025,13:32:00,,,,,SKT-4014,1,1,GXNL
02/07/2025,13:32:09,,,,,SKT-4014,1,1,GXNL
02/07/2025,13:32:19,,,,,SKT-4014,1,1,GXNL
02/07/2025,13:32:28,,,,,SKT-4014,1,1,GXNL
02/07/2025,13:32:37,,,,,SKT-4014,1,1,GXNL
02/07/2025,13:32:46,,,,,SKT-4014,1,1,GXNL
02/07/2025,13:32:55,,,,,SKT-4014,1,1,GXNL
02/07/2025,13:33:04,,,,,SKT-4014,1,1,GXNL
02/07/2025,13:33:13,,,,,SKT-4014,1,1,GXNL
02/07/2025,13:33:23,,,,,SKT-4014,1,1,GXNL
02/07/2025,13:33:32,,,,,SKT-4014,1,1,GXNL
02/07/2025,13:33:41,,,,,SKT-4014,1,1,GXNL
02/07/2025,13:33:51,,,,,SKT-4014,1,1,GXNL
02/07/2025,13:34:00,,,,,SKT-4014,1,1,GXNL
02/07/2025,13:34:09,,,,,SKT-4014,1,1,GXNL
02/07/2025,13:34:18,,,,,SKT-4014,1,1,GXNL
02/07/2025,13:34:28,,,,,SKT-4014,1,1,GXNL
02/07/2025,13:34:37,,,,,SKT-4014,1,1,GXNL
02/07/2025,13:34:46,,,,,SKT-4014,1,1,GXNL
02/07/2025,13:34:55,,,,,SKT-4014,1,1,GXNL
02/07/2025,13:35:04,,,,,SKT-4014,1,1,GXNL
02/07/2025,13:35:13,,,,,SKT-4014,1,1,GXNL
02/07/2025,13:35:22,,,,,SKT-4014,1,1,GXNL
02/07/2025,13:35:32,,,,,SKT-4014,1,1,GXNL
02/07/2025,13:35:41,,,,,SKT-4014,1,1,GXNL
02/07/2025,13:35:50,,,,,SKT-4014,1,1,GXNL
02/07/2025,13:35:59,,,,,SKT-4014,1,1,GXNL
02/07/2025,13:36:08,,,,,SKT-4014,1,1,GXNL
02/07/2025,13:36:17,,,,,SKT-4014,1,1,GXNL
02/07/2025,13:36:26,,,,,SKT-4014,1,1,GXNL
02/07/2025,13:36:36,,,,,SKT-4014,1,1,GXNL
02/07/2025,13:36:45,,,,,SKT-4014,1,1,GXNL
02/07/2025,13:36:54,,,,,SKT-4014,1,1,GXNL
02/07/2025,13:37:03,,,,,SKT-4014,1,1,GXNL
02/07/2025,13:37:12,,,,,SKT-4014,1,1,GXNL
02/07/2025,13:37:21,,,,,SKT-4014,1,1,GXNL
02/07/2025,13:37:30,,,,,SKT-4014,1,1,GXNL
02/07/2025,13:37:40,,,,,SKT-4014,1,1,GXNL
02/07/2025,13:37:49,,,,,SKT-4014,1,1,GXNL
02/07/2025,13:37:58,,,,,SKT-4014,1,1,GXNL
02/07/2025,13:38:07,,,,,SKT-4014,1,1,GXNL
02/07/2025,13:38:15,,,,,SKT-4014,1,1,GXNL
02/07/2025,13:38:24,,,,,SKT-4014,1,1,GXNL
02/07/2025,13:38:34,,,,,SKT-4014,1,1,GXNL
02/07/2025,13:38:43,,,,,SKT-4014,1,1,GXNL
02/07/2025,13:38:52,,,,,SKT-4014,1,1,GXNL
02/07/2025,13:39:01,,,,,SKT-4014,1,1,GXNL
02/07/2025,13:39:10,,,,,SKT-4014,1,1,GXNL
02/07/2025,13:39:19,,,,,SKT-4014,1,1,GXNL
02/07/2025,13:39:28,,,,,SKT-4014,1,1,GXNL
02/07/2025,13:39:38,,,,,SKT-4014,1,1,GXNL
02/07/2025,13:39:47,,,,,SKT-4014,1,1,GXNL
02/07/2025,13:39:56,,,,,SKT-4014,1,1,GXNL
02/07/2025,13:40:05,,,,,SKT-4014,1,1,GXNL
02/07/2025,13:40:14,,,,,SKT-4014,1,1,GXNL
02/07/2025,13:40:23,,,,,SKT-4014,1,1,GXNL
02/07/2025,13:40:32,,,,,SKT-4014,1,1,GXNL
02/07/2025,13:40:42,,,,,SKT-4014,1,1,GXNL
02/07/2025,13:40:51,,,,,SKT-4014,1,1,GXNL
02/07/2025,13:41:00,,,,,SKT-4014,1,1,GXNL
02/07/2025,13:41:09,,,,,SKT-4014,1,1,GXNL
02/07/2025,13:41:18,,,,,SKT-4014,1,1,GXNL
02/07/2025,13:41:27,,,,,SKT-4014,1,1,GXNL
02/07/2025,13:41:36,,,,,SKT-4014,1,1,GXNL
02/07/2025,13:41:46,,,,,SKT-4014,1,1,GXNL
02/07/2025,13:41:55,,,,,SKT-4014,1,1,GXNL
02/07/2025,13:42:04,,,,,SKT-4014,1,1,GXNL
02/07/2025,13:42:13,,,,,SKT-4014,1,1,GXNL
02/07/2025,13:42:22,,,,,SKT-4014,1,1,GXNL
02/07/2025,13:42:31,,,,,SKT-4014,1,1,GXNL
02/07/2025,13:42:40,,,,,SKT-4014,1,1,GXNL
02/07/2025,13:42:50,,,,,SKT-4014,1,1,GXNL
02/07/2025,13:42:59,,,,,SKT-4014,1,1,GXNL
02/07/2025,13:43:08,,,,,SKT-4014,1,1,GXNL
02/07/2025,13:43:17,,,,,SKT-4014,1,1,GXNL
02/07/2025,13:43:26,,,,,SKT-4014,1,1,GXNL
02/07/2025,13:43:35,,,,,SKT-4014,1,1,GXNL
02/07/2025,13:43:44,,,,,SKT-4014,1,1,GXNL
02/07/2025,13:43:54,,,,,SKT-4014,1,1,GXNL
02/07/2025,13:44:03,,,,,SKT-4014,1,1,GXNL
02/07/2025,13:44:12,,,,,SKT-4014,1,1,GXNL
02/07/2025,13:44:21,,,,,SKT-4014,1,1,GXNL
02/07/2025,13:44:31,,,,,SKT-4014,1,0,GXNL
02/07/2025,13:44:41,,,,,SKT-4014,1,0,GXNL
02/07/2025,13:44:50,,,,,SKT-4014,1,1,GXNL
02/07/2025,13:44:59,,,,,SKT-4014,1,1,GXNL
02/07/2025,13:45:09,,,,,SKT-4014,1,1,GXNL
02/07/2025,13:45:19,,,,,SKT-4014,1,0,GXNL
02/07/2025,13:45:28,,,,,SKT-4014,1,1,GXNL
02/07/2025,13:45:37,,,,,SKT-4014,1,1,GXNL
02/07/2025,13:45:46,,,,,SKT-4014,1,1,GXNL
02/07/2025,13:45:55,,,,,SKT-4014,1,1,GXNL
02/07/2025,13:46:04,,,,,SKT-4014,1,1,GXNL
02/07/2025,13:46:14,,,,,SKT-4014,1,1,GXNL
02/07/2025,13:46:23,,,,,SKT-4014,1,1,GXNL
02/07/2025,13:46:32,,,,,SKT-4014,1,1,GXNL
02/07/2025,13:46:41,,,,,SKT-4014,1,1,GXNL
02/07/2025,13:46:50,,,,,SKT-4014,1,1,GXNL
02/07/2025,13:46:59,,,,,SKT-4014,1,1,GXNL
02/07/2025,13:47:09,,,,,SKT-4014,1,1,GXNL
02/07/2025,13:47:18,,,,,SKT-4014,1,1,GXNL
02/07/2025,13:47:27,,,,,SKT-4014,1,1,GXNL
02/07/2025,13:47:36,,,,,SKT-4014,1,1,GXNL
02/07/2025,13:47:45,,,,,SKT-4014,1,1,GXNL
02/07/2025,13:47:54,,,,,SKT-4014,1,1,GXNL
02/07/2025,13:48:03,,,,,SKT-4014,1,1,GXNL
02/07/2025,13:48:13,,,,,SKT-4014,1,1,GXNL
02/07/2025,13:48:22,,,,,SKT-4014,1,1,GXNL
02/07/2025,13:48:31,,,,,SKT-4014,1,1,GXNL
02/07/2025,13:48:40,,,,,SKT-4014,1,1,GXNL
02/07/2025,13:48:49,,,,,SKT-4014,1,1,GXNL
02/07/2025,13:48:58,,,,,SKT-4014,1,1,GXNL
02/07/2025,13:49:08,,,,,SKT-4014,1,1,GXNL
02/07/2025,13:49:17,,,,,SKT-4014,1,1,GXNL
02/07/2025,13:49:26,,,,,SKT-4014,1,1,GXNL
02/07/2025,13:49:35,,,,,SKT-4014,1,1,GXNL
02/07/2025,13:49:44,,,,,SKT-4014,1,1,GXNL
02/07/2025,13:49:53,,,,,SKT-4014,1,1,GXNL
02/07/2025,13:50:02,,,,,SKT-4014,1,1,GXNL
02/07/2025,13:50:12,,,,,SKT-4014,1,1,GXNL
02/07/2025,13:50:21,,,,,SKT-4014,1,1,GXNL
02/07/2025,13:50:30,,,,,SKT-4014,1,1,GXNL
02/07/2025,13:50:39,,,,,SKT-4014,1,1,GXNL
02/07/2025,13:50:48,,,,,SKT-4014,1,1,GXNL
02/07/2025,13:50:57,,,,,SKT-4014,1,1,GXNL
02/07/2025,13:51:06,,,,,SKT-4014,1,1,GXNL
02/07/2025,13:51:16,,,,,SKT-4014,1,1,GXNL
02/07/2025,13:51:25,,,,,SKT-4014,1,1,GXNL
02/07/2025,13:51:34,,,,,SKT-4014,1,1,GXNL
09/07/2025,03:11:49,47.62037,-52.73566,113.0,,SKT-4031,1,1,GPIX
09/07/2025,03:11:59,47.62039,-52.73566,129.0,,SKT-4031,1,1,GPIX
09/07/2025,03:12:06,47.62041,-52.73567,143.0,,SKT-4031,1,1,GPIX
09/07/2025,03:12:14,47.62043,-52.73568,153.0,,SKT-4031,1,1,GPIX
09/07/2025,03:12:22,47.62045,-52.73567,153.0,,SKT-4031,1,1,GPIX
09/07/2025,03:12:29,47.62045,-52.73566,149.0,,SKT-4031,1,1,GPIX
09/07/2025,03:12:37,47.62045,-52.73566,142.0,,SKT-4031,1,1,GPIX
09/07/2025,03:12:44,47.62043,-52.73566,137.0,,SKT-4031,1,1,GPIX
09/07/2025,03:12:51,47.62041,-52.73566,134.0,,SKT-4031,1,1,GPIX
09/07/2025,03:12:58,47.6204,-52.73566,132.0,,SKT-4031,1,1,GPIX
09/07/2025,03:13:06,47.62039,-52.73565,133.0,,SKT-4031,1,1,GPIX
09/07/2025,03:13:13,47.6204,-52.73566,136.0,,SKT-4031,1,1,GPIX
09/07/2025,03:13:20,47.62042,-52.73567,141.0,,SKT-4031,1,1,GPIX
09/07/2025,03:13:28,47.62043,-52.73568,143.0,,SKT-4031,1,1,GPIX
09/07/2025,03:13:35,47.62044,-52.73568,142.0,,SKT-4031,1,1,GPIX
09/07/2025,03:13:42,47.62046,-52.73568,143.0,,SKT-4031,1,1,GPIX
09/07/2025,03:13:49,47.6205,-52.73569,147.0,,SKT-4031,1,1,GPIX
09/07/2025,03:13:57,47.62052,-52.73568,161.0,,SKT-4031,1,1,GPIX
09/07/2025,03:14:04,47.62051,-52.73567,165.0,,SKT-4031,1,1,GPIX
09/07/2025,03:16:37,47.62044,-52.73563,149.0,,SKT-4031,1,1,GPIX
09/07/2025,03:16:45,47.62046,-52.73567,145.0,,SKT-4031,1,1,GPIX
09/07/2025,03:16:52,47.62047,-52.73568,144.0,,SKT-4031,1,1,GPIX
09/07/2025,03:16:59,47.62047,-52.73569,144.0,,SKT-4031,1,1,GPIX
09/07/2025,03:17:07,47.62047,-52.73571,144.0,,SKT-4031,1,1,GPIX
09/07/2025,03:17:14,47.62046,-52.73572,146.0,,SKT-4031,1,1,GPIX
09/07/2025,03:17:21,47.62045,-52.73573,145.0,,SKT-4031,1,1,GPIX
09/07/2025,03:17:29,47.62044,-52.73572,144.0,,SKT-4031,1,1,GPIX
09/07/2025,03:17:36,47.62044,-52.73572,143.0,,SKT-4031,1,1,GPIX
09/07/2025,03:17:43,47.62043,-52.73571,143.0,,SKT-4031,1,1,GPIX
09/07/2025,03:17:50,47.62044,-52.7357,149.0,,SKT-4031,1,1,GPIX
09/07/2025,03:17:57,47.62044,-52.7357,153.0,,SKT-4031,1,1,GPIX
09/07/2025,03:18:05,47.62045,-52.7357,155.0,,SKT-4031,1,1,GPIX
09/07/2025,03:18:12,47.62045,-52.73571,154.0,,SKT-4031,1,1,GPIX
09/07/2025,03:18:19,47.62046,-52.73571,154.0,,SKT-4031,1,1,GPIX
09/07/2025,03:18:26,47.62047,-52.73572,153.0,,SKT-4031,1,1,GPIX
09/07/2025,03:18:34,47.62047,-52.73574,145.0,,SKT-4031,1,1,GPIX
09/07/2025,03:18:41,47.62048,-52.73574,141.0,,SKT-4031,1,1,GPIX
09/07/2025,03:18:48,47.62046,-52.73571,142.0,,SKT-4031,1,1,GPIX
09/07/2025,03:18:56,47.62046,-52.73572,145.0,,SKT-4031,1,1,GPIX
09/07/2025,03:19:03,47.62046,-52.73572,147.0,,SKT-4031,1,1,GPIX
09/07/2025,03:19:10,47.62046,-52.73571,151.0,,SKT-4031,1,1,GPIX
09/07/2025,03:19:17,47.62045,-52.73572,154.0,,SKT-4031,1,1,GPIX
09/07/2025,03:19:25,47.62046,-52.73573,158.0,,SKT-4031,1,1,GPIX
09/07/2025,03:19:32,47.62047,-52.73573,158.0,,SKT-4031,1,1,GPIX
09/07/2025,03:19:39,47.62047,-52.73573,157.0,,SKT-4031,1,1,GPIX
09/07/2025,03:19:46,47.62048,-52.73573,154.0,,SKT-4031,1,1,GPIX
09/07/2025,03:19:54,47.62048,-52.73573,152.0,,SKT-4031,1,1,GPIX
09/07/2025,03:20:01,47.62048,-52.73573,150.0,,SKT-4031,1,1,GPIX
09/07/2025,03:20:08,47.62047,-52.73573,149.0,,SKT-4031,1,1,GPIX
09/07/2025,03:20:15,47.62047,-52.73573,150.0,,SKT-4031,1,1,GPIX
09/07/2025,03:20:23,47.62048,-52.73573,150.0,,SKT-4031,1,1,GPIX
09/07/2025,03:20:30,47.62048,-52.73573,152.0,,SKT-4031,1,1,GPIX
09/07/2025,03:20:37,47.62049,-52.73573,156.0,,SKT-4031,1,1,GPIX
09/07/2025,03:20:44,47.62051,-52.73573,162.0,,SKT-4031,1,1,GPIX
09/07/2025,03:20:52,47.62053,-52.73573,166.0,,SKT-4031,1,1,GPIX
09/07/2025,03:20:59,47.62054,-52.73572,169.0,,SKT-4031,1,1,GPIX
09/07/2025,03:21:06,47.62055,-52.73571,172.0,,SKT-4031,1,1,GPIX
09/07/2025,03:21:13,47.62056,-52.73569,173.0,,SKT-4031,1,1,GPIX
09/07/2025,03:21:21,47.62054,-52.73566,174.0,,SKT-4031,1,1,GPIX
09/07/2025,03:21:28,47.62051,-52.73568,170.0,,SKT-4031,1,1,GPIX
09/07/2025,03:21:35,47.62048,-52.73569,167.0,,SKT-4031,1,1,GPIX
09/07/2025,03:21:43,47.62048,-52.73568,166.0,,SKT-4031,1,1,GPIX
09/07/2025,03:21:50,47.62047,-52.73566,164.0,,SKT-4031,1,1,GPIX
09/07/2025,03:21:57,47.62045,-52.73566,156.0,,SKT-4031,1,1,GPIX
09/07/2025,03:22:04,47.62041,-52.73566,144.0,,SKT-4031,1,1,GPIX
09/07/2025,03:22:12,47.6204,-52.73567,142.0,,SKT-4031,1,1,GPIX
09/07/2025,03:22:19,47.6204,-52.73569,142.0,,SKT-4031,1,1,GPIX
09/07/2025,03:22:26,47.62041,-52.73569,143.0,,SKT-4031,1,1,GPIX
09/07/2025,03:22:33,47.62044,-52.73569,144.0,,SKT-4031,1,1,GPIX
09/07/2025,03:22:41,47.62048,-52.73568,145.0,,SKT-4031,1,1,GPIX
09/07/2025,03:22:48,47.62049,-52.73568,146.0,,SKT-4031,1,1,GPIX
09/07/2025,03:22:55,47.62049,-52.73568,146.0,,SKT-4031,1,1,GPIX
09/07/2025,03:23:02,47.62049,-52.73568,146.0,,SKT-4031,1,1,GPIX
09/07/2025,03:23:10,47.62049,-52.73568,148.0,,SKT-4031,1,1,GPIX
09/07/2025,03:23:17,47.6205,-52.7357,149.0,,SKT-4031,1,1,GPIX
09/07/2025,03:23:24,47.6205,-52.73574,148.0,,SKT-4031,1,1,GPIX
09/07/2025,03:23:31,47.62049,-52.73576,147.0,,SKT-4031,1,1,GPIX
09/07/2025,03:23:39,47.62049,-52.73577,146.0,,SKT-4031,1,1,GPIX
09/07/2025,03:23:50,47.62043,-52.73576,144.0,,SKT-4031,1,1,GPIX
09/07/2025,03:23:57,47.62038,-52.73573,143.0,,SKT-4031,1,1,GPIX
09/07/2025,03:24:05,47.62037,-52.7357,141.0,,SKT-4031,1,1,GPIX
09/07/2025,03:24:12,47.62038,-52.73567,138.0,,SKT-4031,1,1,GPIX
09/07/2025,03:24:19,47.62041,-52.73563,141.0,,SKT-4031,1,1,GPIX
09/07/2025,03:24:26,47.62043,-52.73563,147.0,,SKT-4031,1,1,GPIX
09/07/2025,03:24:34,47.62045,-52.7356,151.0,,SKT-4031,1,1,GPIX
09/07/2025,03:24:41,47.62046,-52.73559,154.0,,SKT-4031,1,1,GPIX
09/07/2025,03:24:48,47.62048,-52.73559,156.0,,SKT-4031,1,1,GPIX
09/07/2025,03:24:55,47.6205,-52.73563,158.0,,SKT-4031,1,1,GPIX
09/07/2025,03:25:03,47.62054,-52.73573,156.0,,SKT-4031,1,1,GPIX
09/07/2025,03:25:10,47.62053,-52.73573,158.0,,SKT-4031,1,1,GPIX
09/07/2025,03:25:17,47.62052,-52.73567,164.0,,SKT-4031,1,1,GPIX
09/07/2025,03:25:24,47.62052,-52.73568,163.0,,SKT-4031,1,1,GPIX
09/07/2025,03:25:32,47.62054,-52.73571,162.0,,SKT-4031,1,1,GPIX
09/07/2025,03:25:39,47.62054,-52.73573,159.0,,SKT-4031,1,1,GPIX
09/07/2025,03:25:46,47.62054,-52.73576,153.0,,SKT-4031,1,1,GPIX
09/07/2025,03:25:54,47.62053,-52.73577,152.0,,SKT-4031,1,1,GPIX
09/07/2025,03:26:01,47.62051,-52.73577,154.0,,SKT-4031,1,1,GPIX
09/07/2025,03:26:08,47.62045,-52.73573,159.0,,SKT-4031,1,1,GPIX
09/07/2025,03:26:15,47.62045,-52.73572,163.0,,SKT-4031,1,1,GPIX
09/07/2025,03:26:23,47.62048,-52.73571,162.0,,SKT-4031,1,1,GPIX
09/07/2025,03:26:30,47.62049,-52.73571,162.0,,SKT-4031,1,1,GPIX
09/07/2025,03:26:37,47.62049,-52.73569,164.0,,SKT-4031,1,1,GPIX
09/07/2025,03:26:44,47.62049,-52.73569,165.0,,SKT-4031,1,1,GPIX
09/07/2025,03:26:52,47.62046,-52.73569,159.0,,SKT-4031,1,1,GPIX
09/07/2025,03:26:59,47.62044,-52.7357,153.0,,SKT-4031,1,1,GPIX
09/07/2025,03:27:06,47.62043,-52.73571,150.0,,SKT-4031,1,1,GPIX
09/07/2025,03:27:13,47.62043,-52.73572,147.0,,SKT-4031,1,1,GPIX
09/07/2025,03:27:21,47.62042,-52.73577,144.0,,SKT-4031,1,1,GPIX
09/07/2025,03:27:28,47.62041,-52.73578,143.0,,SKT-4031,1,1,GPIX
09/07/2025,03:27:35,47.62042,-52.73579,144.0,,SKT-4031,1,1,GPIX
09/07/2025,03:27:42,47.62042,-52.73579,145.0,,SKT-4031,1,1,GPIX
09/07/2025,03:27:50,47.62045,-52.73578,145.0,,SKT-4031,1,1,GPIX
09/07/2025,03:27:57,47.62048,-52.73579,146.0,,SKT-4031,1,1,GPIX
09/07/2025,03:28:04,47.6205,-52.73579,146.0,,SKT-4031,1,1,GPIX
09/07/2025,03:28:11,47.62052,-52.73581,145.0,,SKT-4031,1,1,GPIX
09/07/2025,03:28:19,47.62053,-52.73581,144.0,,SKT-4031,1,1,GPIX
09/07/2025,03:28:26,47.62054,-52.73579,142.0,,SKT-4031,1,1,GPIX
09/07/2025,03:28:33,47.62053,-52.73577,144.0,,SKT-4031,1,1,GPIX
09/07/2025,03:28:40,47.62052,-52.73575,148.0,,SKT-4031,1,1,GPIX
09/07/2025,03:28:48,47.6205,-52.73574,151.0,,SKT-4031,1,1,GPIX
09/07/2025,03:28:55,47.62049,-52.73573,153.0,,SKT-4031,1,1,GPIX
09/07/2025,03:29:02,47.62049,-52.73573,154.0,,SKT-4031,1,1,GPIX
09/07/2025,03:29:10,47.62049,-52.73573,155.0,,SKT-4031,1,1,GPIX
09/07/2025,03:29:17,47.62049,-52.73573,157.0,,SKT-4031,1,1,GPIX
09/07/2025,03:29:24,47.6205,-52.73571,159.0,,SKT-4031,1,1,GPIX
09/07/2025,03:29:31,47.62051,-52.73571,160.0,,SKT-4031,1,1,GPIX
09/07/2025,03:29:39,47.62051,-52.73569,161.0,,SKT-4031,1,1,GPIX
09/07/2025,03:29:46,47.62051,-52.73569,161.0,,SKT-4031,1,1,GPIX
09/07/2025,03:29:53,47.62049,-52.7357,161.0,,SKT-4031,1,1,GPIX
09/07/2025,03:30:00,47.62049,-52.7357,160.0,,SKT-4031,1,1,GPIX
09/07/2025,03:30:08,47.62048,-52.7357,160.0,,SKT-4031,1,1,GPIX
09/07/2025,03:30:16,47.62048,-52.73571,160.0,,SKT-4031,1,1,GPIX
09/07/2025,03:30:23,47.62048,-52.7357,158.0,,SKT-4031,1,1,GPIX
09/07/2025,03:30:30,47.62046,-52.7357,158.0,,SKT-4031,1,1,GPIX
09/07/2025,03:30:37,47.62045,-52.73571,161.0,,SKT-4031,1,1,GPIX
09/07/2025,03:30:45,47.62044,-52.7357,163.0,,SKT-4031,1,1,GPIX
09/07/2025,03:30:52,47.62043,-52.73569,166.0,,SKT-4031,1,1,GPIX
09/07/2025,03:30:59,47.62041,-52.73569,169.0,,SKT-4031,1,1,GPIX
09/07/2025,03:31:06,47.62041,-52.73569,170.0,,SKT-4031,1,1,GPIX
09/07/2025,03:31:14,47.6204,-52.73572,169.0,,SKT-4031,1,1,GPIX
09/07/2025,03:31:21,47.6204,-52.73574,167.0,,SKT-4031,1,1,GPIX
09/07/2025,03:31:28,47.62039,-52.73576,164.0,,SKT-4031,1,1,GPIX
09/07/2025,03:31:35,47.62039,-52.73576,162.0,,SKT-4031,1,1,GPIX
09/07/2025,03:31:43,47.62038,-52.73576,159.0,,SKT-4031,1,1,GPIX
09/07/2025,03:31:50,47.62037,-52.73574,157.0,,SKT-4031,1,1,GPIX
09/07/2025,03:31:57,47.62037,-52.73574,157.0,,SKT-4031,1,1,GPIX
09/07/2025,03:32:05,47.62037,-52.73573,157.0,,SKT-4031,1,1,GPIX
09/07/2025,03:32:12,47.62039,-52.73573,156.0,,SKT-4031,1,1,GPIX
09/07/2025,03:32:19,47.6204,-52.73573,154.0,,SKT-4031,1,1,GPIX
09/07/2025,03:32:26,47.62041,-52.73574,153.0,,SKT-4031,1,1,GPIX
09/07/2025,03:32:34,47.62042,-52.73577,151.0,,SKT-4031,1,1,GPIX
09/07/2025,03:32:41,47.62043,-52.73578,148.0,,SKT-4031,1,1,GPIX
09/07/2025,03:32:48,47.62044,-52.73578,145.0,,SKT-4031,1,1,GPIX
09/07/2025,03:32:55,47.62044,-52.73577,143.0,,SKT-4031,1,1,GPIX
09/07/2025,03:33:03,47.62043,-52.73576,141.0,,SKT-4031,1,1,GPIX
09/07/2025,03:33:10,47.62043,-52.73577,139.0,,SKT-4031,1,1,GPIX
09/07/2025,03:33:19,47.62044,-52.73581,135.0,,SKT-4031,1,1,GPIX
09/07/2025,03:33:26,47.62045,-52.73583,132.0,,SKT-4031,1,1,GPIX
09/07/2025,03:33:34,47.62043,-52.73582,135.0,,SKT-4031,1,1,GPIX
09/07/2025,03:33:42,47.6204,-52.73582,141.0,,SKT-4031,1,1,GPIX
09/07/2025,03:33:49,47.62038,-52.7358,145.0,,SKT-4031,1,1,GPIX
09/07/2025,03:33:56,47.62037,-52.73577,150.0,,SKT-4031,1,1,GPIX
09/07/2025,03:34:04,47.62035,-52.73574,154.0,,SKT-4031,1,1,GPIX
09/07/2025,03:34:11,47.62033,-52.73573,158.0,,SKT-4031,1,1,GPIX
09/07/2025,03:34:18,47.62031,-52.73572,162.0,,SKT-4031,1,1,GPIX
09/07/2025,03:34:25,47.62029,-52.73571,163.0,,SKT-4031,1,1,GPIX
09/07/2025,03:34:33,47.62028,-52.7357,162.0,,SKT-4031,1,1,GPIX
09/07/2025,03:34:40,47.62028,-52.7357,160.0,,SKT-4031,1,1,GPIX
09/07/2025,03:34:47,47.62028,-52.73569,159.0,,SKT-4031,1,1,GPIX
09/07/2025,03:34:55,47.62029,-52.73568,161.0,,SKT-4031,1,1,GPIX
09/07/2025,03:35:02,47.6203,-52.73567,163.0,,SKT-4031,1,1,GPIX
09/07/2025,03:35:09,47.62031,-52.73566,162.0,,SKT-4031,1,1,GPIX
09/07/2025,03:35:16,47.6203,-52.73566,162.0,,SKT-4031,1,1,GPIX
09/07/2025,03:35:24,47.62031,-52.73566,162.0,,SKT-4031,1,1,GPIX
09/07/2025,03:35:31,47.62031,-52.73566,162.0,,SKT-4031,1,1,GPIX
09/07/2025,03:35:38,47.62033,-52.73567,161.0,,SKT-4031,1,1,GPIX
09/07/2025,03:35:45,47.62035,-52.73568,161.0,,SKT-4031,1,1,GPIX
09/07/2025,03:35:53,47.62037,-52.73568,159.0,,SKT-4031,1,1,GPIX
09/07/2025,03:36:00,47.62037,-52.73568,159.0,,SKT-4031,1,1,GPIX
09/07/2025,03:36:07,47.62037,-52.73567,159.0,,SKT-4031,1,1,GPIX
09/07/2025,03:36:14,47.62036,-52.73565,159.0,,SKT-4031,1,1,GPIX
09/07/2025,03:36:22,47.62035,-52.73561,162.0,,SKT-4031,1,1,GPIX
09/07/2025,03:36:29,47.62034,-52.7356,163.0,,SKT-4031,1,1,GPIX
09/07/2025,03:36:36,47.62035,-52.73561,162.0,,SKT-4031,1,1,GPIX
09/07/2025,03:36:43,47.62036,-52.73564,162.0,,SKT-4031,1,1,GPIX
09/07/2025,03:36:51,47.62037,-52.73566,165.0,,SKT-4031,1,1,GPIX
09/07/2025,03:36:58,47.62037,-52.73568,169.0,,SKT-4031,1,1,GPIX
09/07/2025,03:37:05,47.62038,-52.73569,171.0,,SKT-4031,1,1,GPIX
09/07/2025,03:37:12,47.6204,-52.73569,175.0,,SKT-4031,1,1,GPIX
09/07/2025,03:37:20,47.62042,-52.73569,177.0,,SKT-4031,1,1,GPIX
09/07/2025,03:37:27,47.62044,-52.73569,176.0,,SKT-4031,1,1,GPIX
09/07/2025,03:37:34,47.62045,-52.73568,174.0,,SKT-4031,1,1,GPIX
09/07/2025,03:37:41,47.62046,-52.73566,173.0,,SKT-4031,1,1,GPIX
09/07/2025,03:37:49,47.62046,-52.73563,173.0,,SKT-4031,1,1,GPIX
09/07/2025,03:37:56,47.62046,-52.7356,176.0,,SKT-4031,1,1,GPIX
09/07/2025,03:38:03,47.62046,-52.73557,179.0,,SKT-4031,1,1,GPIX
09/07/2025,03:38:10,47.62047,-52.73555,181.0,,SKT-4031,1,1,GPIX
09/07/2025,03:38:18,47.62049,-52.73554,178.0,,SKT-4031,1,1,GPIX
09/07/2025,03:38:25,47.6205,-52.73553,175.0,,SKT-4031,1,1,GPIX
09/07/2025,03:38:32,47.6205,-52.73553,171.0,,SKT-4031,1,1,GPIX
09/07/2025,03:38:39,47.62049,-52.73556,165.0,,SKT-4031,1,1,GPIX
09/07/2025,03:38:47,47.62047,-52.73563,158.0,,SKT-4031,1,1,GPIX
09/07/2025,03:38:54,47.62045,-52.7357,150.0,,SKT-4031,1,1,GPIX
09/07/2025,03:39:02,47.62045,-52.73572,145.0,,SKT-4031,1,1,GPIX
09/07/2025,03:39:09,47.62046,-52.73571,146.0,,SKT-4031,1,1,GPIX
09/07/2025,03:39:17,47.62048,-52.73569,150.0,,SKT-4031,1,1,GPIX
09/07/2025,03:39:24,47.62049,-52.73568,153.0,,SKT-4031,1,1,GPIX
09/07/2025,03:39:32,47.6205,-52.73567,156.0,,SKT-4031,1,1,GPIX
09/07/2025,03:39:40,47.62049,-52.73566,158.0,,SKT-4031,1,1,GPIX
09/07/2025,03:39:47,47.62048,-52.73563,160.0,,SKT-4031,1,1,GPIX
09/07/2025,03:39:55,47.62046,-52.7356,163.0,,SKT-4031,1,1,GPIX
09/07/2025,03:40:03,47.62046,-52.73558,165.0,,SKT-4031,1,1,GPIX
09/07/2025,03:40:10,47.62045,-52.73557,164.0,,SKT-4031,1,1,GPIX
09/07/2025,03:40:17,47.62045,-52.73557,162.0,,SKT-4031,1,1,GPIX
09/07/2025,03:40:24,47.62046,-52.73556,161.0,,SKT-4031,1,1,GPIX
09/07/2025,03:40:32,47.62047,-52.73557,157.0,,SKT-4031,1,1,GPIX
09/07/2025,03:40:39,47.62048,-52.7356,153.0,,SKT-4031,1,1,GPIX
09/07/2025,03:40:46,47.62048,-52.73561,150.0,,SKT-4031,1,1,GPIX
09/07/2025,03:40:53,47.62049,-52.7356,146.0,,SKT-4031,1,1,GPIX
09/07/2025,03:41:01,47.62051,-52.73559,141.0,,SKT-4031,1,1,GPIX
09/07/2025,03:41:08,47.62051,-52.73558,138.0,,SKT-4031,1,1,GPIX
09/07/2025,03:41:15,47.62049,-52.73559,139.0,,SKT-4031,1,1,GPIX
09/07/2025,03:41:22,47.62046,-52.7356,142.0,,SKT-4031,1,1,GPIX
09/07/2025,03:41:30,47.62044,-52.73561,143.0,,SKT-4031,1,1,GPIX
09/07/2025,03:41:37,47.62043,-52.73563,145.0,,SKT-4031,1,1,GPIX
09/07/2025,03:41:44,47.62043,-52.73565,146.0,,SKT-4031,1,1,GPIX
09/07/2025,03:41:51,47.62043,-52.73569,142.0,,SKT-4031,1,1,GPIX
09/07/2025,03:41:59,47.62043,-52.7357,143.0,,SKT-4031,1,1,GPIX
09/07/2025,03:42:06,47.62043,-52.73569,142.0,,SKT-4031,1,1,GPIX
09/07/2025,03:42:13,47.62043,-52.73569,141.0,,SKT-4031,1,1,GPIX
09/07/2025,03:42:20,47.62043,-52.73568,140.0,,SKT-4031,1,1,GPIX
09/07/2025,03:42:28,47.62043,-52.73568,138.0,,SKT-4031,1,1,GPIX
09/07/2025,03:42:35,47.62043,-52.73568,137.0,,SKT-4031,1,1,GPIX
09/07/2025,03:42:42,47.62044,-52.73567,133.0,,SKT-4031,1,1,GPIX
09/07/2025,03:42:49,47.62044,-52.73566,131.0,,SKT-4031,1,1,GPIX
09/07/2025,03:42:57,47.62045,-52.73567,127.0,,SKT-4031,1,1,GPIX
09/07/2025,03:43:04,47.62045,-52.73567,127.0,,SKT-4031,1,1,GPIX
09/07/2025,03:43:11,47.62044,-52.73567,127.0,,SKT-4031,1,1,GPIX
09/07/2025,03:43:18,47.62043,-52.73567,127.0,,SKT-4031,1,1,GPIX
09/07/2025,03:43:26,47.62042,-52.73567,128.0,,SKT-4031,1,1,GPIX
09/07/2025,03:43:33,47.62041,-52.73567,131.0,,SKT-4031,1,1,GPIX
09/07/2025,03:43:40,47.62041,-52.73567,134.0,,SKT-4031,1,1,GPIX
09/07/2025,03:43:47,47.62042,-52.73567,139.0,,SKT-4031,1,1,GPIX
09/07/2025,03:43:55,47.62043,-52.73567,149.0,,SKT-4031,1,1,GPIX
09/07/2025,03:44:02,47.62044,-52.73567,156.0,,SKT-4031,1,1,GPIX
09/07/2025,03:44:09,47.62046,-52.73568,159.0,,SKT-4031,1,1,GPIX
09/07/2025,03:44:16,47.62048,-52.73568,161.0,,SKT-4031,1,1,GPIX
09/07/2025,03:44:24,47.6205,-52.73568,161.0,,SKT-4031,1,1,GPIX
09/07/2025,03:44:31,47.62051,-52.73568,161.0,,SKT-4031,1,1,GPIX
09/07/2025,03:44:38,47.62053,-52.73567,163.0,,SKT-4031,1,1,GPIX
09/07/2025,03:44:46,47.62053,-52.73566,166.0,,SKT-4031,1,1,GPIX
09/07/2025,03:44:53,47.62053,-52.73566,169.0,,SKT-4031,1,1,GPIX
09/07/2025,03:45:00,47.62052,-52.73566,171.0,,SKT-4031,1,1,GPIX
09/07/2025,03:45:07,47.6205,-52.73567,172.0,,SKT-4031,1,1,GPIX
09/07/2025,03:45:15,47.62048,-52.73569,172.0,,SKT-4031,1,1,GPIX
09/07/2025,03:45:23,47.62047,-52.7357,169.0,,SKT-4031,1,1,GPIX
09/07/2025,03:45:30,47.62046,-52.73572,162.0,,SKT-4031,1,1,GPIX
09/07/2025,03:45:38,47.62047,-52.73574,154.0,,SKT-4031,1,1,GPIX
09/07/2025,03:45:45,47.62048,-52.73574,152.0,,SKT-4031,1,1,GPIX
09/07/2025,03:45:53,47.62049,-52.73574,150.0,,SKT-4031,1,1,GPIX
09/07/2025,03:46:00,47.6205,-52.73574,150.0,,SKT-4031,1,1,GPIX
09/07/2025,03:46:07,47.62051,-52.73574,151.0,,SKT-4031,1,1,GPIX
09/07/2025,03:46:14,47.62053,-52.73576,151.0,,SKT-4031,1,1,GPIX
09/07/2025,03:46:22,47.62052,-52.73577,152.0,,SKT-4031,1,1,GPIX
09/07/2025,03:46:29,47.62049,-52.73576,153.0,,SKT-4031,1,1,GPIX
09/07/2025,03:46:36,47.62046,-52.73575,155.0,,SKT-4031,1,1,GPIX
09/07/2025,03:46:43,47.62045,-52.73574,156.0,,SKT-4031,1,1,GPIX
09/07/2025,03:46:51,47.62045,-52.73575,156.0,,SKT-4031,1,1,GPIX
09/07/2025,03:46:58,47.62044,-52.73576,153.0,,SKT-4031,1,1,GPIX
09/07/2025,03:47:05,47.62044,-52.73575,150.0,,SKT-4031,1,1,GPIX
09/07/2025,03:47:12,47.62044,-52.73574,149.0,,SKT-4031,1,1,GPIX
09/07/2025,03:47:20,47.62044,-52.73573,148.0,,SKT-4031,1,1,GPIX
09/07/2025,03:47:28,47.62045,-52.73573,148.0,,SKT-4031,1,1,GPIX
09/07/2025,03:47:35,47.62045,-52.73573,147.0,,SKT-4031,1,1,GPIX
09/07/2025,03:47:43,47.62044,-52.73573,146.0,,SKT-4031,1,1,GPIX
09/07/2025,03:47:50,47.62044,-52.73574,145.0,,SKT-4031,1,1,GPIX
09/07/2025,03:47:58,47.62043,-52.73576,144.0,,SKT-4031,1,1,GPIX
09/07/2025,03:48:06,47.62043,-52.73577,143.0,,SKT-4031,1,1,GPIX
09/07/2025,03:48:13,47.62042,-52.73578,143.0,,SKT-4031,1,1,GPIX
09/07/2025,03:48:20,47.62041,-52.73577,144.0,,SKT-4031,1,1,GPIX
09/07/2025,03:48:28,47.62041,-52.73576,144.0,,SKT-4031,1,1,GPIX
09/07/2025,03:48:35,47.62042,-52.73574,144.0,,SKT-4031,1,1,GPIX
09/07/2025,03:48:42,47.62043,-52.73573,143.0,,SKT-4031,1,1,GPIX
09/07/2025,03:48:49,47.62044,-52.73571,142.0,,SKT-4031,1,1,GPIX
09/07/2025,03:48:57,47.62044,-52.73572,142.0,,SKT-4031,1,1,GPIX
09/07/2025,03:49:04,47.62044,-52.73572,144.0,,SKT-4031,1,1,GPIX
09/07/2025,03:49:11,47.62042,-52.73571,147.0,,SKT-4031,1,1,GPIX
09/07/2025,03:49:19,47.62041,-52.73571,149.0,,SKT-4031,1,1,GPIX
09/07/2025,03:49:26,47.62041,-52.73571,150.0,,SKT-4031,1,1,GPIX
09/07/2025,03:49:34,47.62041,-52.73571,152.0,,SKT-4031,1,1,GPIX
09/07/2025,03:49:41,47.62042,-52.73571,152.0,,SKT-4031,1,1,GPIX
09/07/2025,03:49:48,47.62043,-52.73572,152.0,,SKT-4031,1,1,GPIX
09/07/2025,03:49:55,47.62043,-52.73571,150.0,,SKT-4031,1,1,GPIX
09/07/2025,03:50:03,47.62043,-52.7357,148.0,,SKT-4031,1,1,GPIX
09/07/2025,03:50:10,47.62043,-52.73569,146.0,,SKT-4031,1,1,GPIX
09/07/2025,03:50:17,47.62042,-52.73568,145.0,,SKT-4031,1,1,GPIX
09/07/2025,03:50:24,47.62042,-52.73566,144.0,,SKT-4031,1,1,GPIX
09/07/2025,03:50:32,47.62042,-52.73565,145.0,,SKT-4031,1,1,GPIX
09/07/2025,03:50:39,47.62042,-52.73563,146.0,,SKT-4031,1,1,GPIX
09/07/2025,03:50:46,47.62042,-52.73563,146.0,,SKT-4031,1,1,GPIX
09/07/2025,03:50:53,47.62043,-52.73564,147.0,,SKT-4031,1,1,GPIX
09/07/2025,03:51:01,47.62044,-52.73566,150.0,,SKT-4031,1,1,GPIX
09/07/2025,03:51:08,47.62046,-52.73567,153.0,,SKT-4031,1,1,GPIX
09/07/2025,03:51:15,47.62047,-52.73568,157.0,,SKT-4031,1,1,GPIX
09/07/2025,03:51:22,47.62048,-52.73568,160.0,,SKT-4031,1,1,GPIX
09/07/2025,03:51:30,47.62047,-52.73569,158.0,,SKT-4031,1,1,GPIX
09/07/2025,03:51:37,47.62045,-52.73569,157.0,,SKT-4031,1,1,GPIX
09/07/2025,03:51:44,47.62044,-52.73569,156.0,,SKT-4031,1,1,GPIX
09/07/2025,03:51:51,47.62043,-52.73569,155.0,,SKT-4031,1,1,GPIX
09/07/2025,03:51:59,47.62044,-52.7357,155.0,,SKT-4031,1,1,GPIX
09/07/2025,03:52:06,47.62045,-52.73569,154.0,,SKT-4031,1,1,GPIX
09/07/2025,03:52:13,47.62046,-52.73569,153.0,,SKT-4031,1,1,GPIX
09/07/2025,03:52:20,47.62048,-52.7357,150.0,,SKT-4031,1,1,GPIX
09/07/2025,03:52:28,47.62049,-52.73571,148.0,,SKT-4031,1,1,GPIX
09/07/2025,03:52:35,47.62048,-52.73571,146.0,,SKT-4031,1,1,GPIX
09/07/2025,03:52:42,47.62047,-52.73571,145.0,,SKT-4031,1,1,GPIX
09/07/2025,03:52:49,47.62046,-52.7357,145.0,,SKT-4031,1,1,GPIX
09/07/2025,03:52:57,47.62045,-52.73569,145.0,,SKT-4031,1,1,GPIX
09/07/2025,03:53:04,47.62045,-52.73568,145.0,,SKT-4031,1,1,GPIX
09/07/2025,03:53:11,47.62045,-52.73569,143.0,,SKT-4031,1,1,GPIX
09/07/2025,03:53:19,47.62046,-52.73571,141.0,,SKT-4031,1,1,GPIX
09/07/2025,03:53:26,47.62045,-52.73573,143.0,,SKT-4031,1,1,GPIX
09/07/2025,03:53:33,47.62045,-52.73575,147.0,,SKT-4031,1,1,GPIX
09/07/2025,03:53:40,47.62045,-52.73575,151.0,,SKT-4031,1,1,GPIX
09/07/2025,03:53:48,47.62045,-52.73575,154.0,,SKT-4031,1,1,GPIX
09/07/2025,03:53:55,47.62046,-52.73575,155.0,,SKT-4031,1,1,GPIX
09/07/2025,03:54:02,47.62046,-52.73576,153.0,,SKT-4031,1,1,GPIX
09/07/2025,03:54:09,47.62046,-52.73576,151.0,,SKT-4031,1,1,GPIX
09/07/2025,03:54:17,47.62047,-52.73577,149.0,,SKT-4031,1,1,GPIX
09/07/2025,03:54:24,47.62047,-52.73577,148.0,,SKT-4031,1,1,GPIX
09/07/2025,03:54:31,47.62046,-52.73579,149.0,,SKT-4031,1,1,GPIX
09/07/2025,03:54:38,47.62046,-52.73581,147.0,,SKT-4031,1,1,GPIX
09/07/2025,03:54:46,47.62046,-52.73581,143.0,,SKT-4031,1,1,GPIX
09/07/2025,03:54:54,47.62046,-52.73577,140.0,,SKT-4031,1,1,GPIX
09/07/2025,03:55:01,47.62046,-52.73576,140.0,,SKT-4031,1,1,GPIX
09/07/2025,03:55:08,47.62047,-52.73575,139.0,,SKT-4031,1,1,GPIX
09/07/2025,03:55:16,47.62046,-52.73573,138.0,,SKT-4031,1,1,GPIX
09/07/2025,03:55:23,47.62046,-52.73569,137.0,,SKT-4031,1,1,GPIX
09/07/2025,03:55:30,47.62045,-52.73567,137.0,,SKT-4031,1,1,GPIX
09/07/2025,03:55:37,47.62044,-52.73566,140.0,,SKT-4031,1,1,GPIX
09/07/2025,03:55:45,47.62044,-52.73567,144.0,,SKT-4031,1,1,GPIX
09/07/2025,03:55:52,47.62045,-52.73569,148.0,,SKT-4031,1,1,GPIX
09/07/2025,03:55:59,47.62045,-52.73573,153.0,,SKT-4031,1,1,GPIX
09/07/2025,03:56:06,47.62045,-52.73575,156.0,,SKT-4031,1,1,GPIX
09/07/2025,03:56:14,47.62046,-52.73577,158.0,,SKT-4031,1,1,GPIX
09/07/2025,03:56:21,47.62046,-52.73577,157.0,,SKT-4031,1,1,GPIX
09/07/2025,03:56:28,47.62046,-52.73576,157.0,,SKT-4031,1,1,GPIX
09/07/2025,03:56:35,47.62046,-52.73576,155.0,,SKT-4031,1,1,GPIX
09/07/2025,03:56:43,47.62045,-52.73574,154.0,,SKT-4031,1,1,GPIX
09/07/2025,03:56:50,47.62045,-52.73572,157.0,,SKT-4031,1,1,GPIX
09/07/2025,03:56:57,47.62045,-52.73571,157.0,,SKT-4031,1,1,GPIX
09/07/2025,03:57:04,47.62045,-52.73572,154.0,,SKT-4031,1,1,GPIX
09/07/2025,03:57:12,47.62043,-52.73573,149.0,,SKT-4031,1,1,GPIX
09/07/2025,03:57:19,47.62043,-52.73573,146.0,,SKT-4031,1,1,GPIX
09/07/2025,03:57:26,47.62041,-52.73573,144.0,,SKT-4031,1,1,GPIX
09/07/2025,03:57:33,47.6204,-52.73574,148.0,,SKT-4031,1,1,GPIX
09/07/2025,03:57:41,47.6204,-52.73575,153.0,,SKT-4031,1,1,GPIX
09/07/2025,03:57:48,47.6204,-52.73575,158.0,,SKT-4031,1,1,GPIX
09/07/2025,03:57:55,47.6204,-52.73574,164.0,,SKT-4031,1,1,GPIX
09/07/2025,03:58:02,47.6204,-52.73574,168.0,,SKT-4031,1,1,GPIX
09/07/2025,03:58:10,47.62041,-52.73575,166.0,,SKT-4031,1,1,GPIX
09/07/2025,03:58:17,47.62041,-52.73576,164.0,,SKT-4031,1,1,GPIX
09/07/2025,03:58:24,47.62041,-52.73577,161.0,,SKT-4031,1,1,GPIX
09/07/2025,03:58:31,47.62041,-52.73577,157.0,,SKT-4031,1,1,GPIX
09/07/2025,03:58:39,47.62042,-52.73577,153.0,,SKT-4031,1,1,GPIX
09/07/2025,03:58:46,47.62044,-52.73577,151.0,,SKT-4031,1,1,GPIX
09/07/2025,03:58:53,47.62044,-52.73576,150.0,,SKT-4031,1,1,GPIX
09/07/2025,03:59:00,47.62043,-52.73574,149.0,,SKT-4031,1,1,GPIX
09/07/2025,03:59:08,47.62042,-52.73575,147.0,,SKT-4031,1,1,GPIX
09/07/2025,03:59:15,47.62041,-52.73577,146.0,,SKT-4031,1,1,GPIX
09/07/2025,03:59:22,47.62041,-52.73578,144.0,,SKT-4031,1,1,GPIX
09/07/2025,03:59:29,47.62041,-52.7358,143.0,,SKT-4031,1,1,GPIX
09/07/2025,03:59:37,47.62043,-52.73582,138.0,,SKT-4031,1,1,GPIX
09/07/2025,03:59:44,47.62044,-52.73584,135.0,,SKT-4031,1,1,GPIX
09/07/2025,03:59:51,47.62043,-52.73585,136.0,,SKT-4031,1,1,GPIX
09/07/2025,03:59:59,47.62043,-52.73587,137.0,,SKT-4031,1,1,GPIX
09/07/2025,04:00:06,47.62043,-52.73588,137.0,,SKT-4031,1,1,GPIX
09/07/2025,04:00:13,47.62043,-52.73587,137.0,,SKT-4031,1,1,GPIX
09/07/2025,04:00:20,47.62043,-52.73586,139.0,,SKT-4031,1,1,GPIX
09/07/2025,04:00:28,47.62044,-52.73586,143.0,,SKT-4031,1,1,GPIX
09/07/2025,04:00:35,47.62045,-52.73586,146.0,,SKT-4031,1,1,GPIX
09/07/2025,04:00:42,47.62046,-52.73588,147.0,,SKT-4031,1,1,GPIX
